user_id,calibration_time,n_samples,new_mae,new_r2
001_Alex,2025-06-25 15:36:41.498007,60,0.07836684009227063,0.5818794290633034
