user_id,calibration_time,n_samples,new_mae,new_r2
001_Alex,2025-06-25 16:18:45.707779,180,0.06424290608243309,0.720111777728846
