variable,mean,std,min,max
mi,0.8433934384265863,9.664458132634777e-15,0.843393438426586,0.843393438426586
theta_fz,,,,
alpha_po,,,,
faa,,,,
beta_frontal,,,,
eda_norm,,,,
