user_id,calibration_time,n_samples,new_mae,new_r2
001_Alex,2025-06-25 15:58:50.347243,120,0.06722034786378682,0.7455790887523271
