variable,mean,std,min,max
mi,0.7626030143907967,0.008291616386333613,0.679746454857219,0.76648014972514
theta_fz,,,,
alpha_po,,,,
faa,,,,
beta_frontal,,,,
eda_norm,,,,
