user_id,calibration_time,n_samples,new_mae,new_r2
002_Alextest,2025-06-25 16:38:50.052312,60,0.0649780834932313,0.9166990727366208
