user_id,calibration_time,n_samples,new_mae,new_r2
002_Alex,2025-06-25 16:45:47.109013,60,0.07144939632897816,0.7456755020559791
