variable,mean,std,min,max
mi,0.43191040677031367,0.035055802789680054,0.40765562970877,0.5217035496940011
theta_fz,,,,
alpha_po,,,,
faa,,,,
beta_frontal,,,,
eda_norm,,,,
