user_id,calibration_time,n_samples,new_mae,new_r2
003_alex,2025-06-25 17:16:58.997312,60,0.07568053442361891,0.9330089849432177
