user_id,calibration_time,n_samples,new_mae,new_r2
003_alex_test,2025-06-25 17:52:33.547764,60,0.00023430033548315447,-7.791798966338046
