user_id,calibration_time,n_samples,new_mae,new_r2
004_alex-test,2025-06-25 18:09:11.969555,60,0.002088689135456458,-14.05845940167851
