user_id,calibration_time,n_samples,new_mae,new_r2
005_alextest,2025-06-25 18:13:26.408373,60,0.0003317814784947822,-7.458421621523
