variable,mean,std,min,max
mi,0.9049537100181918,0.04321364709101033,0.7677593283245278,0.9631557577190074
theta_fz,23.451325114113384,25.196521733865207,3.684347678387981,119.0773768635878
alpha_po,8.00200439465409,4.22183059200253,1.6030434977856896,20.444372417906
faa,-0.1493520764544038,0.5792800357873479,-1.630335079253312,1.3315173664907134
beta_frontal,8.875284085340182,4.544176266382337,1.7027078631282857,18.955667371282736
eda_norm,8.602799585672525,0.7597236964571135,7.539278385162354,10.248218406677246
