user_id,calibration_time,n_samples,new_mae,new_r2
006_alex_test,2025-06-25 18:25:13.916770,60,0.06683698741470377,-2.095409641822939
