feature,spearman_corr,p_value
theta_fz,-0.09331511995218987,0.5105476002416243
alpha_po,0.08016733543925553,0.5721060519431156
faa,0.46145308631435156,0.0005748389995438697
beta_frontal,0.13216084692222316,0.3503225533909855
eda_norm,0.5290702638094426,5.5204354462585154e-05
