variable,mean,std,min,max
mi,0.9841244554247891,1.5601445710436382e-15,0.984124455424789,0.984124455424789
theta_fz,8.178994913711296,6.707028587881751,0.5710029570774625,38.83984678085355
alpha_po,4.444736746859903,2.6700417244527435,0.7670406793299248,15.119209887833128
faa,-0.5510648964658705,0.9145285821811333,-3.1909942600123324,2.231513910900151
beta_frontal,4.791581844253116,2.4984872000744454,0.9821576659794872,13.048535570742038
eda_norm,7.629324432259175,0.7918576289576188,6.375922395706176,8.897425191879272
