user_id,calibration_time,n_samples,new_mae,new_r2
007_alex_test,2025-06-25 19:59:30.238429,60,0.015841093262612214,-14.204831628704003
