feature,spearman_corr,p_value
theta_fz,0.6387671393413805,1.0110749141211655e-19
alpha_po,0.32726766670573065,2.3989252796336954e-05
faa,0.35514473221610215,4.0623710543748905e-06
beta_frontal,-0.022571194187272943,0.7769445319029131
eda_norm,0.11565393179421071,0.14529847482573705
