variable,mean,std,min,max
mi,0.34812509974670325,0.08223757553643972,0.1955742130314018,0.6426985252937731
theta_fz,25.888199956627,26.139177686061203,0.8965671837413559,158.16982178250447
alpha_po,9.029820711389855,6.2029370587624,1.8251197451598893,39.54781295510547
faa,0.31720152699175796,1.0162624022480273,-2.371757071627238,3.331019810053161
beta_frontal,11.219348462582044,5.150599023477028,1.815636992435632,31.591239902533307
eda_norm,6.264903428231054,0.5780523590550516,5.368280811405662,7.662140912386641
