user_id,calibration_time,n_samples,new_mae,new_r2
008_alex_test,2025-06-25 20:22:38.904072,60,0.062150219103902025,0.7471506893405115
