user_id,calibration_time,n_samples,new_mae,new_r2
009_alex_test,2025-06-25 20:52:35.008189,60,0.07109819253265602,0.7202581763235172
