variable,mean,std,min,max
mi,0.30542227663335475,0.06755795109357346,0.1661869530976439,0.4930384860326284
theta_fz,18.347572045883282,17.14239323701148,1.6950457401558443,116.2485756056223
alpha_po,6.963152460003315,4.694411719496051,1.4316385940528034,31.085771114169106
faa,0.13484461353714078,0.7471829846733301,-2.005024492145606,2.0630432720832235
beta_frontal,10.189686866971426,4.998618686015094,3.336847266598881,32.550434288677955
eda_norm,7.326228110989699,0.9467030111475099,5.730550558962415,8.958136691759579
