feature,spearman_corr,p_value
theta_fz,0.7587453586085596,4.036185179568616e-17
alpha_po,0.036329880789525114,0.7413284600072174
faa,0.5485049833887043,5.498107437524815e-08
beta_frontal,0.10732851280046903,0.3282244171551948
eda_norm,-0.1709595466093414,0.11773008571436172
