user_id,calibration_time,n_samples,new_mae,new_r2
010_alex_test_,2025-06-26 19:30:52.115702,60,0.06654502334088667,0.6641910532794069
