user_id,calibration_time,n_samples,new_mae,new_r2
010_alex_test,2025-06-26 19:40:12.338194,60,0.045527653108726834,-7.356173782190636
