user_id,calibration_time,n_samples,new_mae,new_r2
011_alex_test,2025-06-26 19:46:44.988499,60,0.047072441223149235,0.5145805809967214
