user_id,calibration_time,n_samples,new_mae,new_r2
012_alex_test,2025-06-26 20:04:51.573979,120,0.06269120570466849,0.3947140921813348
