user_id,calibration_time,n_samples,new_mae,new_r2
012_alex_test,2025-06-26 20:00:32.013126,60,0.07031222086772854,0.4143884515133065
