user_id,calibration_time,n_samples,new_mae,new_r2
013_alex_test_,2025-06-26 20:17:24.507224,60,0.07363845057749342,0.8586640297380347
