feature,spearman_corr,p_value
theta_fz,0.7545726719960492,2.142909040390381e-34
alpha_po,0.182466537033036,0.01422195163447704
faa,0.2922641645318271,6.859887297645758e-05
beta_frontal,0.055158081010730775,0.4620789481955194
eda_norm,-0.28367747975760566,0.0001138536493055881
