variable,mean,std,min,max
mi,0.46040813232529415,0.10849171191958548,0.2649881629595078,0.7283184355492096
theta_fz,28.726183149031424,23.59752095319135,2.1017109946458463,109.22419250970276
alpha_po,8.276957875679983,5.008887597331445,1.0528697501282098,27.87697039528327
faa,-0.07488967191869277,0.6653869279386229,-1.9069417715637669,4.384622245739361
beta_frontal,11.47879138197283,4.926788555543255,3.986516758909625,29.06288324051898
eda_norm,3.4752256495615814,0.26286386425366004,2.9298271370892555,3.99438371322862
