variable,mean,std,min,max
mi,0.4093019473435921,8.345074193727479e-16,0.40930194734359193,0.40930194734359193
theta_fz,17.037625705930925,14.929986540398657,0.7662812044506773,93.82331683004769
alpha_po,9.301704358526138,4.761040875785182,2.5948792103346925,29.773244591147446
faa,0.15159105451969615,0.6987756252292009,-1.9871963440933458,2.1395555928417296
beta_frontal,12.517678563914703,6.282483626673432,3.0630017089269836,42.91885200604414
eda_norm,10.522071356724362,3.616464184625532,5.0,15.0
