user_id,calibration_time,n_samples,new_mae,new_r2
014_alex_test,2025-06-26 20:50:38.384218,60,0.019458667557856014,-0.45963433693168465
