feature,spearman_corr,p_value
theta_fz,-0.06000421822272215,0.5027740193779964
alpha_po,-0.015384795650543683,0.8636940290685324
faa,0.04618953880764904,0.6060930503846081
beta_frontal,0.07956036745406823,0.37392498946843633
eda_norm,-0.19290752718410195,0.029786682368131166
