variable,mean,std,min,max
mi,0.42827226613757413,0.1560546804964479,0.17572378803557442,0.8495467862825143
theta_fz,16.18549627671568,13.63583012324077,2.1039192890687826,77.90348189519204
alpha_po,11.550467420318656,9.339167804543624,2.1337729603265467,63.509718392039034
faa,-0.082203913343721,0.7587618631410001,-2.573432208084287,1.5693448400475463
beta_frontal,10.515416954934715,5.475329812409702,2.053417550514033,34.20529424386953
eda_norm,6.076902502335237,0.16722560807775694,5.832185033918087,6.520502003033956
