user_id,calibration_time,n_samples,new_mae,new_r2
015_alex_test,2025-06-26 21:11:26.954687,60,0.026084529404709542,-0.3549473184333922
