user_id,calibration_time,n_samples,new_mae,new_r2
016_alex_test,2025-06-26 21:46:10.411311,60,0.01458020353797012,-0.06566135580051813
