user_id,calibration_time,n_samples,new_mae,new_r2
017_alex_test,2025-06-26 21:51:56.630965,60,0.025644310456140056,-1.0389003960455763
