user_id,calibration_time,n_samples,new_mae,new_r2
020_alex,2025-06-26 22:05:17.791743,60,0.07066916729095919,0.9041644676740946
