user_id,calibration_time,n_samples,new_mae,new_r2
020_alex_test,2025-06-26 22:03:36.259098,60,0.0678044329720448,0.8110905269193289
