user_id,calibration_time,n_samples,new_mae,new_r2
021_alex,2025-06-26 22:19:34.704438,60,0.06609294939909463,0.1273307082461368
