user_id,calibration_time,n_samples,new_mae,new_r2
021_alex,2025-06-26 22:22:51.305206,120,0.05865630631179915,0.6307497876476171
