user_id,calibration_time,n_samples,new_mae,new_r2
021,2025-06-26 22:26:34.637389,60,0.06594721680249514,0.6152454705606931
