user_id,calibration_time,n_samples,new_mae,new_r2
022,2025-06-26 22:38:58.802481,60,0.0677731597846571,0.5625641419548923
