user_id,calibration_time,n_samples,new_mae,new_r2
abeg_1605,2025-06-30 16:06:26.907899,60,0.006710103101426963,-0.8026831472892086
