user_id,calibration_time,n_samples,new_mae,new_r2
abeg_1532,2025-06-30 15:34:24.552910,60,0.05516501536190696,-0.5872795178751715
