user_id,calibration_time,n_samples,new_mae,new_r2
abeg_1430,2025-06-30 14:32:57.159263,60,0.004357492293012218,-0.3849750527710769
