user_id,calibration_time,n_samples,new_mae,new_r2
abeg_1642,2025-06-30 16:43:59.382627,60,0.026460470300230642,-3.778043134991938
