user_id,calibration_time,n_samples,new_mae,new_r2
alex_2225,2025-06-25 22:26:26.104985,60,0.05100416151098746,-13.989578983062465
