user_id,calibration_time,n_samples,new_mae,new_r2
alex_2257,2025-06-26 22:58:39.637672,60,0.030480600689876163,-5.077447414795019
