user_id,calibration_time,n_samples,new_mae,new_r2
alex_2241,2025-06-25 22:43:25.042671,60,0.0002101372266798259,-0.10943708980689637
