user_id,calibration_time,n_samples,new_mae,new_r2
alex_2312,2025-06-26 23:13:36.403211,60,0.08654561441333873,-1.7381723108866076
