user_id,calibration_time,n_samples,new_mae,new_r2
alex_2206,2025-06-25 22:07:43.693329,60,0.07111365415945468,-3.8294473377479603
