user_id,calibration_time,n_samples,new_mae,new_r2
alex_2320,2025-06-26 23:22:01.468056,60,0.06251545115227801,-1.819621419947362
