user_id,calibration_time,n_samples,new_mae,new_r2
alex_2311,2025-06-25 23:12:44.209000,60,0.02945180110337032,-4.925797739091574
