user_id,session_time,precision,recall,f1_score
002_C,20250528_135820,0.5,0.31140350877192985,0.3837837837837838
