user_id,calibration_time,n_samples,new_mae,new_r2
01,2025-05-28 17:26:05.757528,62500,0.09120307759444791,0.9537996448783359
