user_id,calibration_time,n_samples,new_mae,new_r2
01,2025-05-28 18:35:23.870920,106753,0.15664238956240914,0.7355399577119592
