user_id,calibration_time,n_samples,new_mae,new_r2
02,2025-06-24 14:47:41.787149,120,0.11133445132785405,-0.02038995948217459
