user_id,calibration_time,n_samples,new_mae,new_r2
03,2025-05-28 19:46:39.799721,60,0.005674487454956012,-14.219693503798474
