user_id,calibration_time,n_samples,new_mae,new_r2
Alejandro,2025-06-24 15:52:46.851616,60,0.16640345885587945,0.16861462516803105
