user_id,calibration_time,n_samples,new_mae,new_r2
alejandro,2025-06-24 16:31:31.086251,120,0.10753893496096661,0.18811647436501167
