user_id,calibration_time,n_samples,new_mae,new_r2
alex,2025-06-24 16:27:23.055610,60,0.17360152058459805,0.44502424434147647
