user_id,calibration_time,n_samples,new_mae,new_r2
Alex_new,2025-06-24 16:59:07.388057,60,0.07326481780136167,0.8599458885922051
