file,mi_mean,mi_std,focused_pct,neutral_pct,unfocused_pct
002_C_mi_session_20250528_135820.csv,-45869566839619.734,62251201940862.37,60.24096385542169,0.0,39.75903614457831
