stream_name,stream_type,channels,rate,dtype,shape,min,max,mean,std,n_nans,marker_count
TreeColorEvent,Markers,1,0.0,list,3,,,,,,3
calibration_processed,ProcessedCalibration,5,250.0,float64,"(5, 0)",,,,,,
UnicornRecorderRawDataLSLStream,EEG,18,250.0,float32,"(59670, 18)",-750000.1;-750000.1;-750000.1;-750000.1;-744268.06;-750000.1;-750000.1;-750000.1;-0.022705078;-0.040527344;-1.1191406;-2.9296873;-0.8544921;-0.82397455;1003758.0;1.0;0.0049;0.0,399647.16;32886.39;642746.8;381345.28;750000.06;334229.06;572933.9;683420.4;0.03881836;0.02319336;-0.8671875;0.82397455;0.8850097;0.24414061;1063427.0;1.0;59.79;0.0,-376706.22;-501659.84;-436821.4;-456931.97;131189.62;-454845.88;-454597.38;-434659.6;0.0061070425;-0.01049864;-1.0213605;-0.9237329;0.04099032;-0.5101889;1033583.25;1.0;3.9877331;0.0,396398.84;326232.94;349701.7;339119.16;613496.06;334300.06;339239.0;353938.88;0.002668348;0.004123219;0.006737245;0.17711484;0.08723537;0.066833764;17225.191;0.0;3.5027678;0.0,0;0;0;0;0;0;0;0;0;0;0;0;0;0;0;0;0;0,
OpenSignals,00:07:80:8C:07:00,2,500.0,float32,"(119232, 2)",2023050.0;0.0015,2142281.0;5.8578,2082815.6;1.6048061,34419.29;1.9461814,0;0,
