{
  "user_id": "abeg_445",
  "calibration_time": "2025-07-01 04:47:40.159186",
  "baseline_csv": "user_configs\\abeg_445_dual_baseline.csv",
  "adaptive_thresholds": {
    "relaxed_baseline": {
      "mi_mean": 0.8000000000000003,
      "mi_std": 2.220446049250313e-16,
      "mi_range": [
        0.8,
        0.8
      ],
      "features": {
        "mean": [
          170341.3989403978,
          72216.40627315968,
          593542.7690939838,
          1567706.7727470796,
          0.9266485304999555,
          2453.93410381838,
          933598.2705406874,
          1175570.7273186126,
          1.7336542427643484
        ],
        "std": [
          102625.21392223929,
          35176.18287023547,
          395322.0827877401,
          1082097.8069101232,
          0.2821722695893421,
          1666.9847747843944,
          638769.9185675398,
          818243.5173903923,
          0.0611809502481573
        ],
        "median": [
          172824.60127794353,
          71796.89777107125,
          579857.138243521,
          1291567.1462963938,
          1.0028820684545234,
          1958.302435073454,
          756273.7489807408,
          899902.6479718257,
          1.7488771963119505
        ],
        "q25": [
          97208.7654666345,
          44049.2392275852,
          258233.40964279015,
          643842.9570460669,
          0.8190132881641903,
          1194.0440133936954,
          381430.69358637114,
          491172.7815340499,
          1.7340214042663575
        ],
        "q75": [
          223234.93590108983,
          91592.23353169078,
          843645.35304639,
          2344230.7909700726,
          1.0971875701191065,
          3439.605100666471,
          1424982.7957037366,
          1821393.4622326104,
          1.7732829947471616
        ]
      }
    },
    "focused_baseline": {
      "mi_mean": 0.8999999999999997,
      "mi_std": 3.3306690738754696e-16,
      "mi_range": [
        0.9,
        0.9
      ],
      "features": {
        "mean": [
          186412.25065590668,
          62624.95316211336,
          552692.133056906,
          1412164.654175538,
          0.9907153477012799,
          1062530.6734295979,
          869052.49866706,
          1058633.2773092955,
          1.6887699084074599
        ],
        "std": [
          122107.79831379134,
          31814.359542733193,
          457760.5321369076,
          1196219.0868410005,
          0.2977068470181013,
          1360358.855139136,
          730883.9881441594,
          900544.4567892475,
          0.02456931247365823
        ],
        "median": [
          181177.36425741477,
          59820.65775111133,
          402010.8442905029,
          858543.8820654938,
          0.9640316931654258,
          622374.8712199761,
          542810.1760648746,
          629384.360635028,
          1.6937695608139038
        ],
        "q25": [
          82524.03188831595,
          40967.150545889555,
          275775.0879532974,
          626224.4007110785,
          0.7799437139826448,
          1737.7954986539269,
          377380.3614290169,
          456585.94731850876,
          1.6712100057601926
        ],
        "q75": [
          248605.99516131746,
          90553.13090289489,
          722796.4461985461,
          2025931.2020054422,
          1.1454634609441836,
          1592867.9365213164,
          1230113.7181543903,
          1448789.6494987737,
          1.7058539996147153
        ]
      }
    },
    "adaptive_mapping": {
      "low_threshold": 0.8000000000000003,
      "high_threshold": 0.8999999999999997,
      "dynamic_range": 0.09999999999999942,
      "calibration_time": "2025-07-01 04:47:40.153032"
    }
  },
  "relaxed_samples": 23,
  "focused_samples": 23
}