{
  "user_id": "abeg_415",
  "calibration_time": "2025-07-01 04:17:13.795901",
  "baseline_csv": "user_configs\\abeg_415_dual_baseline.csv",
  "adaptive_thresholds": {
    "relaxed_baseline": {
      "mi_mean": 0.8000000000000002,
      "mi_std": 1.1102230246251565e-16,
      "mi_range": [
        0.8,
        0.8
      ],
      "features": {
        "mean": [
          72852.91621071962,
          29403.991264444605,
          547327.9270003086,
          2080383.3449403665,
          1.3231154802363232,
          2789307.798894172,
          344499.24057227507,
          627559.771097936,
          3.5151839728752776
        ],
        "std": [
          46534.757677305795,
          14626.872606066006,
          367272.2189157881,
          1510578.4837176602,
          0.30840314850048434,
          2033236.4831471615,
          266224.5966797159,
          477323.23066976445,
          0.09028664758439604
        ],
        "median": [
          62102.33742457583,
          25413.47434131251,
          434877.5971706644,
          1624314.3929136037,
          1.2738463943839795,
          2279759.715287961,
          273531.972131994,
          495113.8084880445,
          3.521211604118347
        ],
        "q25": [
          41044.5633549467,
          18833.590303316698,
          301270.1522408064,
          1165682.0483380463,
          1.1731024054418717,
          1483890.235890846,
          176345.19202304247,
          329834.64110750187,
          3.444329269409179
        ],
        "q75": [
          87406.45970798374,
          42283.746758509784,
          609554.0882580193,
          2826705.785911211,
          1.5243150963691976,
          3615132.950858429,
          428016.6222469241,
          802157.7770530251,
          3.6073318147659306
        ]
      }
    },
    "focused_baseline": {
      "mi_mean": 0.8999999999999998,
      "mi_std": 2.220446049250313e-16,
      "mi_range": [
        0.9,
        0.9
      ],
      "features": {
        "mean": [
          37841.33039971307,
          16989.78837602932,
          229211.5660678264,
          846298.3709807458,
          1.2068841438754565,
          1103901.1590728585,
          130700.99322441932,
          248585.47716734328,
          3.1708067407608036
        ],
        "std": [
          44868.4266084096,
          16767.228659948418,
          199288.64998118381,
          795156.4556515875,
          0.608984885032955,
          1028461.8015527249,
          123545.29658239694,
          235215.30235459207,
          0.0972151531130473
        ],
        "median": [
          28536.1006613431,
          10921.581553104486,
          214979.6637442101,
          654266.7676030033,
          1.3070475391133218,
          775432.6300321218,
          109952.32978539787,
          197398.44528086236,
          3.180491198539734
        ],
        "q25": [
          11614.512164317497,
          7144.018330551662,
          64577.435600758436,
          247364.41578185317,
          0.9492597045093092,
          370949.0326224304,
          40276.66585226571,
          74423.29796073066,
          3.0902217960357667
        ],
        "q75": [
          52465.106547846415,
          19819.06981932465,
          298224.0016974738,
          1169418.8780833355,
          1.590450751895638,
          1585718.5822344508,
          170126.1929257193,
          315706.01220356015,
          3.2465911693573006
        ]
      }
    },
    "adaptive_mapping": {
      "low_threshold": 0.8000000000000002,
      "high_threshold": 0.8999999999999998,
      "dynamic_range": 0.09999999999999964,
      "calibration_time": "2025-07-01 04:17:13.786038"
    }
  },
  "relaxed_samples": 24,
  "focused_samples": 21
}