{
  "user_id": "abg_348",
  "calibration_time": "2025-07-01 03:50:47.913934",
  "baseline_csv": "user_configs\\abg_348_dual_baseline.csv",
  "adaptive_thresholds": {
    "relaxed_baseline": {
      "mi_mean": 0.6996866653563545,
      "mi_std": 0.0,
      "mi_range": [
        0.6996866653563545,
        0.6996866653563545
      ],
      "features": {
        "mean": [
          51648.898719027275,
          23416.809930125382,
          527374.5736407017,
          774871.1685464747,
          0.36048807704950137,
          1561879.8550569415,
          898869.9735067198,
          657899.6263289914,
          2.0532069471193397
        ],
        "std": [
          23858.637028270055,
          10332.460005041727,
          316430.9377035359,
          467960.1067472384,
          0.17822261536058165,
          1323524.0006299992,
          773230.5596605982,
          529237.9918522967,
          0.012335973566601422
        ],
        "median": [
          48782.66558479859,
          19721.155578226528,
          411138.172703441,
          718075.2025803038,
          0.36804006350893026,
          1206833.0905347527,
          697546.5903415896,
          534683.8197786561,
          2.0524266014099117
        ],
        "q25": [
          35257.646779872004,
          15448.131277105242,
          343669.94527365535,
          403776.92082471936,
          0.2491623721139895,
          634326.0363457896,
          363651.60761735804,
          269801.99115037674,
          2.046674921512604
        ],
        "q75": [
          66962.2233570044,
          31003.436871415393,
          648010.5202316092,
          948671.5281506444,
          0.45817790671673464,
          2027715.955384617,
          1159840.4168057074,
          862276.1182676745,
          2.065582622051239
        ]
      }
    },
    "focused_baseline": {
      "mi_mean": 0.8999999999999997,
      "mi_std": 3.3306690738754696e-16,
      "mi_range": [
        0.9,
        0.9
      ],
      "features": {
        "mean": [
          63426.0353719851,
          29174.523408494642,
          545010.6494566397,
          920495.2635667783,
          0.4818662102751128,
          1541136.7408483592,
          880582.1541605135,
          693139.0944119195,
          2.021878540909809
        ],
        "std": [
          37519.42373596576,
          16606.471740142555,
          369653.1929622906,
          711403.3085687289,
          0.16285313678157212,
          1220516.624388152,
          709613.9528061714,
          556356.2687562045,
          0.007780619686620349
        ],
        "median": [
          55254.91572229586,
          26059.039444529484,
          344906.58332580095,
          544706.6402133787,
          0.4790485818890051,
          980965.3903038341,
          569137.5665700309,
          425707.66667047073,
          2.0237790107727047
        ],
        "q25": [
          46836.53694636097,
          15892.586014932906,
          274253.6724256152,
          434601.4435813941,
          0.3632513120647589,
          674394.6199704261,
          383482.8851111543,
          309910.8011606927,
          2.016563495159149
        ],
        "q75": [
          71133.82810992136,
          38109.874302323646,
          707592.857324454,
          1128387.1371155414,
          0.5707834766282716,
          2109303.0600797855,
          1184850.2202874061,
          918127.9524984551,
          2.0273946928977966
        ]
      }
    },
    "adaptive_mapping": {
      "low_threshold": 0.6996866653563545,
      "high_threshold": 0.8999999999999997,
      "dynamic_range": 0.2003133346436452,
      "calibration_time": "2025-07-01 03:50:47.909226"
    }
  },
  "relaxed_samples": 23,
  "focused_samples": 23
}