{
  "user_id": "eew",
  "calibration_time": "2025-07-01 00:39:16.372732",
  "baseline_csv": "user_configs\\eew_dual_baseline.csv",
  "adaptive_thresholds": {
    "relaxed_baseline": {
      "mi_mean": 0.6613515292597686,
      "mi_std": 1.1102230246251565e-16,
      "mi_range": [
        0.6613515292597687,
        0.6613515292597687
      ],
      "features": {
        "mean": [
          1459312.4651832448,
          583714.916071936,
          321679.990422973,
          386306.68317768746,
          -0.5315288000028887,
          183300.1204106642,
          405485.5249004397,
          1029366.0683759009,
          0.0
        ],
        "std": [
          4951088.681616944,
          2033365.521406329,
          777369.3657787567,
          1798840.8066943062,
          1.570211737985783,
          394002.174916968,
          1517828.0183670472,
          3062438.2302603773,
          0.0
        ],
        "median": [
          12200.733807878973,
          3303.485185526041,
          11883.441360151475,
          9118.39026421776,
          0.0005267739661487525,
          11890.159398099475,
          8792.618487840218,
          4422.026017055484,
          0.0
        ],
        "q25": [
          260.96273333599413,
          44.95515595649931,
          58.47067104231247,
          59.6626258308413,
          -0.01349300119425223,
          59.822059743576986,
          59.90466133162117,
          607.8249314608421,
          0.0
        ],
        "q75": [
          141436.65476521174,
          102478.82536416006,
          170561.2518162089,
          72874.85865286186,
          0.0017487465150358705,
          160234.73446520494,
          164520.53904485708,
          302284.18853913154,
          0.0
        ]
      }
    },
    "focused_baseline": {
      "mi_mean": 0.8999999999999998,
      "mi_std": 2.220446049250313e-16,
      "mi_range": [
        0.9,
        0.9
      ],
      "features": {
        "mean": [
          50412.90817438457,
          24205.979091256642,
          930752.5325926665,
          9995.451647358455,
          -4.594433409573311,
          344732.2275143389,
          534515.845516397,
          958.9386372421538,
          0.0
        ],
        "std": [
          92949.75871006858,
          38522.87844051015,
          2406605.6955336607,
          24106.851104819194,
          1.481105267024244,
          1099935.237770811,
          1465071.9614455479,
          2330.6227442187073,
          0.0
        ],
        "median": [
          4483.865640070545,
          970.4595310415837,
          25678.62920026446,
          342.705277606217,
          -4.579325319685966,
          6471.105177033457,
          6782.363649021394,
          241.6509017660478,
          0.0
        ],
        "q25": [
          176.59114036391227,
          46.434648102742166,
          3625.912794348362,
          42.222780357936536,
          -5.3854313273682655,
          1326.953566482541,
          1939.2426283900338,
          35.50262922464765,
          0.0
        ],
        "q75": [
          50029.39058384837,
          32172.97130777759,
          239839.89516551196,
          1879.6374788068424,
          -3.9463934520232495,
          34654.97301791897,
          61475.20365294338,
          713.8152147531196,
          0.0
        ]
      }
    },
    "adaptive_mapping": {
      "low_threshold": 0.6613515292597686,
      "high_threshold": 0.8999999999999998,
      "dynamic_range": 0.2386484707402312,
      "calibration_time": "2025-07-01 00:39:16.364924"
    }
  },
  "relaxed_samples": 30,
  "focused_samples": 30
}