{
  "user_id": "ooooo",
  "calibration_time": "2025-07-01 02:26:34.729713",
  "baseline_csv": "user_configs\\ooooo_dual_baseline.csv",
  "adaptive_thresholds": {
    "relaxed_baseline": {
      "mi_mean": 0.6999646728479576,
      "mi_std": 2.220446049250313e-16,
      "mi_range": [
        0.6999646728479574,
        0.6999646728479574
      ],
      "features": {
        "mean": [
          12386.666637206226,
          2168.0079663474567,
          16540.916832147097,
          1930.9333500438765,
          -4.347502161988657,
          1901.084119436144,
          2874.6777621494216,
          4115.4352202462715,
          1.091273521516058
        ],
        "std": [
          33520.51370309651,
          5285.946648461408,
          35352.76683625795,
          5409.022492898189,
          2.333253891383566,
          5338.382900140618,
          6140.78814121168,
          11409.784964110144,
          0.0026625747386253605
        ],
        "median": [
          215.62252705163493,
          65.29359079337723,
          2846.16172754955,
          16.663050601309045,
          -4.433435403499799,
          16.197088201045293,
          93.00945277278393,
          40.75982899533798,
          1.0910569965839385
        ],
        "q25": [
          140.13749706649435,
          12.344254936038507,
          748.1857736049558,
          4.949924611905475,
          -6.009567303425411,
          4.566179916917934,
          24.95155750180927,
          17.47333517263617,
          1.089956001341343
        ],
        "q75": [
          4545.534149563523,
          181.4961834698448,
          10525.0522453762,
          86.02129303415673,
          -3.2868473930277258,
          85.25205984035658,
          2135.255147542551,
          162.54825383511997,
          1.0930029982328415
        ]
      }
    },
    "focused_baseline": {
      "mi_mean": 0.8999999999999998,
      "mi_std": 2.220446049250313e-16,
      "mi_range": [
        0.9,
        0.9
      ],
      "features": {
        "mean": [
          8256.70153875894,
          4576.463172500986,
          2800.2074711687987,
          3536.6657159192528,
          -3.657998834127853,
          3553.2540327449196,
          8840.3214132027,
          10704.021212476187,
          1.0831822326845593
        ],
        "std": [
          29532.678130026696,
          20403.770843271875,
          7624.755419514067,
          14209.958834455134,
          2.1492924038934587,
          14218.90535605417,
          21678.950753657176,
          40931.55270782449,
          0.0025410814887917082
        ],
        "median": [
          102.18404481852308,
          13.162001701082055,
          554.3209895391715,
          6.065788042175729,
          -3.696866409950766,
          5.691213834919603,
          200.655382557571,
          27.39778562050768,
          1.0824368319908777
        ],
        "q25": [
          43.61374673626419,
          8.835856262767056,
          78.46547336010418,
          2.330513197866286,
          -5.378686910186741,
          2.4791525374002696,
          11.793960711197476,
          9.717591697253162,
          1.0815013299385705
        ],
        "q75": [
          217.78439778499424,
          58.38268807252473,
          2089.7778387542676,
          20.26612662851059,
          -2.6797076853740753,
          20.37697294886007,
          1473.9832675486941,
          73.80517483639163,
          1.0852761654059093
        ]
      }
    },
    "adaptive_mapping": {
      "low_threshold": 0.6999646728479576,
      "high_threshold": 0.8999999999999998,
      "dynamic_range": 0.2000353271520422,
      "calibration_time": "2025-07-01 02:26:34.725010"
    }
  },
  "relaxed_samples": 30,
  "focused_samples": 30
}