{
  "user_id": "testtest",
  "calibration_time": "2025-06-30 23:08:03.554269",
  "baseline_csv": "user_configs\\testtest_dual_baseline.csv",
  "adaptive_thresholds": {
    "relaxed_baseline": {
      "mi_mean": 0.11506784319136057,
      "mi_std": 0.0,
      "mi_range": [
        0.11506784319136057,
        0.11506784319136057
      ],
      "features": {
        "mean": [
          1.0000000000000005e-08,
          1.0000000000000005e-08,
          7.032275927345226,
          1.0000000000000005e-08,
          -2.740046968473237,
          12081.1821287709,
          4918.994912398268,
          1.0000000000000005e-08,
          0.0
        ],
        "std": [
          4.963083675318166e-24,
          4.963083675318166e-24,
          28.81304471096208,
          4.963083675318166e-24,
          7.014032774949484,
          13647.782402746632,
          3860.0575059285743,
          4.963083675318166e-24,
          0.0
        ],
        "median": [
          1e-08,
          1e-08,
          1e-08,
          1e-08,
          0.0,
          9232.450369795239,
          3987.7673289445715,
          1e-08,
          0.0
        ],
        "q25": [
          1e-08,
          1e-08,
          1e-08,
          1e-08,
          0.0,
          4756.362989918485,
          2061.44480980244,
          1e-08,
          0.0
        ],
        "q75": [
          1e-08,
          1e-08,
          1e-08,
          1e-08,
          0.0,
          13139.27829138732,
          6370.470001853923,
          1e-08,
          0.0
        ]
      }
    },
    "focused_baseline": {
      "mi_mean": 0.29536233761769404,
      "mi_std": 5.551115123125783e-17,
      "mi_range": [
        0.2953623376176941,
        0.2953623376176941
      ],
      "features": {
        "mean": [
          1.0000000000000005e-08,
          1.0000000000000005e-08,
          1.0000000000000005e-08,
          1.0000000000000005e-08,
          0.0,
          374537.0755080408,
          176641.94004223772,
          1.0000000000000005e-08,
          0.0
        ],
        "std": [
          4.963083675318166e-24,
          4.963083675318166e-24,
          4.963083675318166e-24,
          4.963083675318166e-24,
          0.0,
          669753.1605566123,
          294010.2473655931,
          4.963083675318166e-24,
          0.0
        ],
        "median": [
          1e-08,
          1e-08,
          1e-08,
          1e-08,
          0.0,
          113256.97628952883,
          56881.131668258735,
          1e-08,
          0.0
        ],
        "q25": [
          1e-08,
          1e-08,
          1e-08,
          1e-08,
          0.0,
          7289.171669959449,
          4831.057393827105,
          1e-08,
          0.0
        ],
        "q75": [
          1e-08,
          1e-08,
          1e-08,
          1e-08,
          0.0,
          503253.7255263772,
          251678.30108838103,
          1e-08,
          0.0
        ]
      }
    },
    "adaptive_mapping": {
      "low_threshold": 0.11506784319136057,
      "high_threshold": 0.29536233761769404,
      "dynamic_range": 0.18029449442633347,
      "calibration_time": "2025-06-30 23:08:03.548033"
    }
  },
  "relaxed_samples": 30,
  "focused_samples": 30
}