{
  "user_id": "tony test 01",
  "calibration_time": "2025-07-01 05:11:08.684110",
  "baseline_csv": "user_configs\\tony test 01_dual_baseline.csv",
  "adaptive_thresholds": {
    "relaxed_baseline": {
      "mi_mean": 0.8000000000000003,
      "mi_std": 2.220446049250313e-16,
      "mi_range": [
        0.8,
        0.8
      ],
      "features": {
        "mean": [
          189.39019179577005,
          84.27785601721867,
          67.90185493974451,
          24.673982836028177,
          -0.9316910651838558,
          148.72134840979936,
          5055.938737939276,
          206227.73185781267,
          0.12138421535491944
        ],
        "std": [
          150.9782218658168,
          47.63524907895867,
          67.19928990370886,
          18.13595005329423,
          0.8402577120350705,
          147.11946032232538,
          4307.290470997826,
          151174.66663429962,
          0.021952287504605067
        ],
        "median": [
          126.4099082023468,
          76.15830535441007,
          45.6616572228248,
          14.651214766482688,
          -0.9915825645468188,
          90.81888805377596,
          4256.243561080952,
          173645.26781585783,
          0.11090139245986941
        ],
        "q25": [
          92.27386360637203,
          51.39551804589926,
          27.054094775800245,
          12.178919904940743,
          -1.5063759605726283,
          46.07823388622833,
          2259.3086852232955,
          101004.19648820598,
          0.10469389462471024
        ],
        "q75": [
          271.24129342302473,
          90.54318880480463,
          74.07282927564121,
          38.835937925395434,
          -0.3280873546657562,
          173.86814382733897,
          5981.133096733574,
          264066.00437367277,
          0.13554389429092406
        ]
      }
    },
    "focused_baseline": {
      "mi_mean": 0.8999999999999997,
      "mi_std": 3.3306690738754696e-16,
      "mi_range": [
        0.9,
        0.9
      ],
      "features": {
        "mean": [
          295.20515209246145,
          398.516593323909,
          206.14174194668433,
          135.81166923550066,
          -0.5783602237036118,
          265.81291963365214,
          4383.959560971548,
          211821.20608124963,
          0.06521217644732931
        ],
        "std": [
          231.61981339416317,
          477.09720268181735,
          226.99311940907413,
          174.71718061674645,
          0.5955776680116911,
          211.49893438211447,
          3576.37416099505,
          160690.03001921743,
          0.02183442007346457
        ],
        "median": [
          255.84636951511965,
          117.62247354241607,
          126.71801810834138,
          50.01863417600158,
          -0.4595379721655064,
          168.26660985269058,
          3158.9927033990907,
          195869.27949729536,
          0.0641952075958252
        ],
        "q25": [
          89.25682006982943,
          77.58569463656069,
          41.57229245382498,
          25.214984319855844,
          -0.6460188219002256,
          102.88903434151314,
          1588.55767055649,
          62572.54037975254,
          0.046532798290252586
        ],
        "q75": [
          437.74559403420716,
          609.6788809972422,
          295.6447900533085,
          196.33833256840956,
          -0.19690969560139138,
          381.5018992711098,
          6541.232554362103,
          348367.4858003487,
          0.08590018796920784
        ]
      }
    },
    "adaptive_mapping": {
      "low_threshold": 0.8000000000000003,
      "high_threshold": 0.8999999999999997,
      "dynamic_range": 0.09999999999999942,
      "calibration_time": "2025-07-01 05:11:08.676451"
    }
  },
  "relaxed_samples": 22,
  "focused_samples": 23
}